.model,date,transformed_KWH,.mean
ets,2014 Jan,"N(6.2, 8.6e-05)",6.203161339982342
ets,2014 Feb,"N(6.2, 9.3e-05)",6.190081724162407
ets,2014 Mar,"N(6.2, 1e-04)",6.17482359341303
ets,2014 Apr,"N(6.2, 0.00011)",6.162904542952068
ets,2014 May,"N(6.2, 0.00011)",6.157458844337668
ets,2014 Jun,"N(6.2, 0.00012)",6.183065382094642
ets,2014 Jul,"N(6.2, 0.00013)",6.201552086066297
ets,2014 Aug,"N(6.2, 0.00014)",6.206955692252523
ets,2014 Sep,"N(6.2, 0.00014)",6.200070940070962
ets,2014 Oct,"N(6.2, 0.00015)",6.169385258057611
ets,2014 Nov,"N(6.2, 0.00016)",6.154647971507814
ets,2014 Dec,"N(6.2, 0.00017)",6.17517206173599
ets,2015 Jan,"N(6.2, 0.00017)",6.204367192934703
ets,2015 Feb,"N(6.2, 0.00018)",6.1912875771147675
ets,2015 Mar,"N(6.2, 0.00019)",6.176029446365391
ets,2015 Apr,"N(6.2, 0.00019)",6.164110395904429
ets,2015 May,"N(6.2, 2e-04)",6.158664697290029
ets,2015 Jun,"N(6.2, 0.00021)",6.184271235047003
ets,2015 Jul,"N(6.2, 0.00022)",6.202757939018658
ets,2015 Aug,"N(6.2, 0.00022)",6.2081615452048835
ets,2015 Sep,"N(6.2, 0.00023)",6.201276793023323
ets,2015 Oct,"N(6.2, 0.00024)",6.170591111009972
ets,2015 Nov,"N(6.2, 0.00025)",6.155853824460175
ets,2015 Dec,"N(6.2, 0.00025)",6.176377914688351
ets,2016 Jan,"N(6.2, 0.00026)",6.205573045887063
ets,2016 Feb,"N(6.2, 0.00027)",6.1924934300671275
ets,2016 Mar,"N(6.2, 0.00027)",6.177235299317751
ets,2016 Apr,"N(6.2, 0.00028)",6.165316248856789
ets,2016 May,"N(6.2, 0.00029)",6.159870550242389
ets,2016 Jun,"N(6.2, 3e-04)",6.185477087999363
ets,2016 Jul,"N(6.2, 3e-04)",6.2039637919710175
ets,2016 Aug,"N(6.2, 0.00031)",6.2093673981572435
ets,2016 Sep,"N(6.2, 0.00032)",6.2024826459756826
ets,2016 Oct,"N(6.2, 0.00033)",6.171796963962332
ets,2016 Nov,"N(6.2, 0.00033)",6.157059677412535
ets,2016 Dec,"N(6.2, 0.00034)",6.177583767640711
ets,2017 Jan,"N(6.2, 0.00035)",6.206778898839423
ets,2017 Feb,"N(6.2, 0.00036)",6.193699283019488
ets,2017 Mar,"N(6.2, 0.00036)",6.1784411522701115
ets,2017 Apr,"N(6.2, 0.00037)",6.16652210180915
ets,2017 May,"N(6.2, 0.00038)",6.16107640319475
ets,2017 Jun,"N(6.2, 0.00039)",6.186682940951724
ets,2017 Jul,"N(6.2, 0.00039)",6.205169644923378
ets,2017 Aug,"N(6.2, 4e-04)",6.210573251109604
ets,2017 Sep,"N(6.2, 0.00041)",6.203688498928043
ets,2017 Oct,"N(6.2, 0.00041)",6.173002816914693
ets,2017 Nov,"N(6.2, 0.00042)",6.158265530364896
ets,2017 Dec,"N(6.2, 0.00043)",6.178789620593072
ets,2018 Jan,"N(6.2, 0.00044)",6.207984751791784
ets,2018 Feb,"N(6.2, 0.00044)",6.194905135971848
ets,2018 Mar,"N(6.2, 0.00045)",6.1796470052224715
ets,2018 Apr,"N(6.2, 0.00046)",6.16772795476151
ets,2018 May,"N(6.2, 0.00047)",6.16228225614711
ets,2018 Jun,"N(6.2, 0.00047)",6.187888793904084
ets,2018 Jul,"N(6.2, 0.00048)",6.206375497875738
ets,2018 Aug,"N(6.2, 0.00049)",6.211779104061964
ets,2018 Sep,"N(6.2, 5e-04)",6.204894351880403
ets,2018 Oct,"N(6.2, 5e-04)",6.174208669867053
ets,2018 Nov,"N(6.2, 0.00051)",6.159471383317256
ets,2018 Dec,"N(6.2, 0.00052)",6.179995473545432
model,2014 Jan,"N(6.2, 8.1e-05)",6.207804570652144
model,2014 Feb,"N(6.2, 8.7e-05)",6.198287012814244
model,2014 Mar,"N(6.2, 8.7e-05)",6.171763657809
model,2014 Apr,"N(6.2, 9.1e-05)",6.161359585980621
model,2014 May,"N(6.2, 9.1e-05)",6.160336142151555
model,2014 Jun,"N(6.2, 9.1e-05)",6.194163907619787
model,2014 Jul,"N(6.2, 9.1e-05)",6.208407155468948
model,2014 Aug,"N(6.2, 9.1e-05)",6.213642597290382
model,2014 Sep,"N(6.2, 9.1e-05)",6.197265987131754
model,2014 Oct,"N(6.2, 9.1e-05)",6.159045182994959
model,2014 Nov,"N(6.2, 9.1e-05)",6.163962808516069
model,2014 Dec,"N(6.2, 9.1e-05)",6.186290544723352
model,2015 Jan,"N(6.2, 9.8e-05)",6.212280725539811
model,2015 Feb,"N(6.2, 9.8e-05)",6.195063997293951
model,2015 Mar,"N(6.2, 9.9e-05)",6.173166486561101
model,2015 Apr,"N(6.2, 9.9e-05)",6.162523708645293
model,2015 May,"N(6.2, 9.9e-05)",6.163010426759836
model,2015 Jun,"N(6.2, 9.9e-05)",6.194655759439475
model,2015 Jul,"N(6.2, 9.9e-05)",6.205184366137917
model,2015 Aug,"N(6.2, 9.9e-05)",6.212054849301284
model,2015 Sep,"N(6.2, 9.9e-05)",6.193767146466468
model,2015 Oct,"N(6.2, 9.9e-05)",6.160114535202749
model,2015 Nov,"N(6.2, 9.9e-05)",6.162762114973133
model,2015 Dec,"N(6.2, 9.9e-05)",6.181085689265745
model,2016 Jan,"N(6.2, 0.00011)",6.216942443332542
model,2016 Feb,"N(6.2, 0.00011)",6.19597818569642
model,2016 Mar,"N(6.2, 0.00011)",6.174914328425775
model,2016 Apr,"N(6.2, 0.00011)",6.16598029813363
model,2016 May,"N(6.2, 0.00011)",6.164645180943513
model,2016 Jun,"N(6.2, 0.00011)",6.195890553869734
model,2016 Jul,"N(6.2, 0.00011)",6.205641132293192
model,2016 Aug,"N(6.2, 0.00011)",6.212254532490766
model,2016 Sep,"N(6.2, 0.00011)",6.19680647811358
model,2016 Oct,"N(6.2, 0.00011)",6.162099568129023
model,2016 Nov,"N(6.2, 0.00011)",6.164399846232353
model,2016 Dec,"N(6.2, 0.00011)",6.184436268660685
model,2017 Jan,"N(6.2, 0.00014)",6.214915129594474
model,2017 Feb,"N(6.2, 0.00014)",6.199811629308561
model,2017 Mar,"N(6.2, 0.00014)",6.176237008250979
model,2017 Apr,"N(6.2, 0.00015)",6.166184124778031
model,2017 May,"N(6.2, 0.00015)",6.16552164461691
model,2017 Jun,"N(6.2, 0.00015)",6.197956312630194
model,2017 Jul,"N(6.2, 0.00015)",6.209800469129796
model,2017 Aug,"N(6.2, 0.00015)",6.215919626602507
model,2017 Sep,"N(6.2, 0.00015)",6.19923969941776
model,2017 Oct,"N(6.2, 0.00015)",6.163391382338877
model,2017 Nov,"N(6.2, 0.00015)",6.166879729332817
model,2017 Dec,"N(6.2, 0.00015)",6.18735453838952
model,2018 Jan,"N(6.2, 0.00016)",6.2175779416732455
model,2018 Feb,"N(6.2, 0.00016)",6.199850443401766
model,2018 Mar,"N(6.2, 0.00016)",6.177719733244684
model,2018 Apr,"N(6.2, 0.00016)",6.167756217839185
model,2018 May,"N(6.2, 0.00016)",6.1673692266501625
model,2018 Jun,"N(6.2, 0.00016)",6.1991220481071165
model,2018 Jul,"N(6.2, 0.00016)",6.209796558152696
model,2018 Aug,"N(6.2, 0.00016)",6.216374461685577
model,2018 Sep,"N(6.2, 0.00016)",6.199395874854554
model,2018 Oct,"N(6.2, 0.00016)",6.1647978273683455
model,2018 Nov,"N(6.2, 0.00016)",6.1675833835528096
model,2018 Dec,"N(6.2, 0.00016)",6.187036077791329
arima100110,2014 Jan,"N(6.2, 9.9e-05)",6.211439096697544
arima100110,2014 Feb,"N(6.2, 1e-04)",6.190739984392447
arima100110,2014 Mar,"N(6.2, 1e-04)",6.17149984515908
arima100110,2014 Apr,"N(6.2, 1e-04)",6.161414414065677
arima100110,2014 May,"N(6.2, 1e-04)",6.16195117740408
arima100110,2014 Jun,"N(6.2, 1e-04)",6.192477522432661
arima100110,2014 Jul,"N(6.2, 1e-04)",6.201062831823066
arima100110,2014 Aug,"N(6.2, 1e-04)",6.208577724817407
arima100110,2014 Sep,"N(6.2, 1e-04)",6.190432256285474
arima100110,2014 Oct,"N(6.2, 1e-04)",6.1584612161439845
arima100110,2014 Nov,"N(6.2, 1e-04)",6.15996602092063
arima100110,2014 Dec,"N(6.2, 1e-04)",6.177093736666807
arima100110,2015 Jan,"N(6.2, 0.00013)",6.217319276754018
arima100110,2015 Feb,"N(6.2, 0.00013)",6.191106598751833
arima100110,2015 Mar,"N(6.2, 0.00013)",6.173199605202988
arima100110,2015 Apr,"N(6.2, 0.00013)",6.164799581034043
arima100110,2015 May,"N(6.2, 0.00013)",6.16366837826531
arima100110,2015 Jun,"N(6.2, 0.00013)",6.193490898052567
arima100110,2015 Jul,"N(6.2, 0.00013)",6.20078091780111
arima100110,2015 Aug,"N(6.2, 0.00013)",6.208252303239687
arima100110,2015 Sep,"N(6.2, 0.00013)",6.192755578067861
arima100110,2015 Oct,"N(6.2, 0.00013)",6.160319363191343
arima100110,2015 Nov,"N(6.2, 0.00013)",6.161163929748746
arima100110,2015 Dec,"N(6.2, 0.00013)",6.179506378289244
arima100110,2016 Jan,"N(6.2, 0.00019)",6.216450418775744
arima100110,2016 Feb,"N(6.2, 0.00019)",6.192975005037879
arima100110,2016 Mar,"N(6.2, 0.00019)",6.174406158118302
arima100110,2016 Apr,"N(6.2, 0.00019)",6.165169396999329
arima100110,2016 May,"N(6.2, 0.00019)",6.1648662725142325
arima100110,2016 Jun,"N(6.2, 0.00019)",6.1950382133090995
arima100110,2016 Jul,"N(6.2, 0.00019)",6.202971292421292
arima100110,2016 Aug,"N(6.2, 0.00019)",6.210464277616572
arima100110,2016 Sep,"N(6.2, 0.00019)",6.19365255758601
arima100110,2016 Oct,"N(6.2, 0.00019)",6.161447283311057
arima100110,2016 Nov,"N(6.2, 0.00019)",6.162619631667528
arima100110,2016 Dec,"N(6.2, 0.00019)",6.1803590140887
arima100110,2017 Jan,"N(6.2, 0.00023)",6.2189321875326895
arima100110,2017 Feb,"N(6.2, 0.00023)",6.194097831857
arima100110,2017 Mar,"N(6.2, 0.00023)",6.175857568594435
arima100110,2017 Apr,"N(6.2, 0.00023)",6.167036213816436
arima100110,2017 May,"N(6.2, 0.00023)",6.166321981671
arima100110,2017 Jun,"N(6.2, 0.00023)",6.196320448948024
arima100110,2017 Jul,"N(6.2, 0.00023)",6.2039342748740465
arima100110,2017 Aug,"N(6.2, 0.00023)",6.211416536656314
arima100110,2017 Sep,"N(6.2, 0.00023)",6.195257658839364
arima100110,2017 Oct,"N(6.2, 0.00023)",6.162937731816883
arima100110,2017 Nov,"N(6.2, 0.00023)",6.163947349654779
arima100110,2017 Dec,"N(6.2, 0.00023)",6.181986130220119
arima100110,2018 Jan,"N(6.2, 0.00028)",6.21975050448199
arima100110,2018 Feb,"N(6.2, 0.00028)",6.19559080898232
arima100110,2018 Mar,"N(6.2, 0.00028)",6.177187417110867
arima100110,2018 Apr,"N(6.2, 0.00028)",6.168159829743145
arima100110,2018 May,"N(6.2, 0.00028)",6.167649696064882
arima100110,2018 Jun,"N(6.2, 0.00028)",6.197734285986902
arima100110,2018 Jul,"N(6.2, 0.00028)",6.20550660831721
arima100110,2018 Aug,"N(6.2, 0.00028)",6.212994193844009
arima100110,2018 Sep,"N(6.2, 0.00028)",6.196511206048194
arima100110,2018 Oct,"N(6.2, 0.00028)",6.16424819951707
arima100110,2018 Nov,"N(6.2, 0.00028)",6.165338606531641
arima100110,2018 Dec,"N(6.2, 0.00028)",6.183228747924827
arima001011,2014 Jan,"N(6.2, 8.4e-05)",6.207468286710012
arima001011,2014 Feb,"N(6.2, 9.2e-05)",6.19314829468676
arima001011,2014 Mar,"N(6.2, 9.2e-05)",6.173417304005862
arima001011,2014 Apr,"N(6.2, 9.2e-05)",6.161207353189837
arima001011,2014 May,"N(6.2, 9.2e-05)",6.156908038891144
arima001011,2014 Jun,"N(6.2, 9.2e-05)",6.186200906152101
arima001011,2014 Jul,"N(6.2, 9.2e-05)",6.200823420027504
arima001011,2014 Aug,"N(6.2, 9.2e-05)",6.206848529028376
arima001011,2014 Sep,"N(6.2, 9.2e-05)",6.194639013487232
arima001011,2014 Oct,"N(6.2, 9.2e-05)",6.161035947376015
arima001011,2014 Nov,"N(6.2, 9.2e-05)",6.1568480674948205
arima001011,2014 Dec,"N(6.2, 9.2e-05)",6.1799586806048765
arima001011,2015 Jan,"N(6.2, 9.8e-05)",6.209357783190922
arima001011,2015 Feb,"N(6.2, 9.9e-05)",6.194538796737438
arima001011,2015 Mar,"N(6.2, 9.9e-05)",6.17480780605654
arima001011,2015 Apr,"N(6.2, 9.9e-05)",6.162597855240515
arima001011,2015 May,"N(6.2, 9.9e-05)",6.158298540941822
arima001011,2015 Jun,"N(6.2, 9.9e-05)",6.187591408202779
arima001011,2015 Jul,"N(6.2, 9.9e-05)",6.202213922078182
arima001011,2015 Aug,"N(6.2, 9.9e-05)",6.208239031079054
arima001011,2015 Sep,"N(6.2, 9.9e-05)",6.19602951553791
arima001011,2015 Oct,"N(6.2, 9.9e-05)",6.162426449426693
arima001011,2015 Nov,"N(6.2, 9.9e-05)",6.158238569545499
arima001011,2015 Dec,"N(6.2, 9.9e-05)",6.181349182655555
arima001011,2016 Jan,"N(6.2, 0.00011)",6.2107482852416
arima001011,2016 Feb,"N(6.2, 0.00011)",6.1959292987881165
arima001011,2016 Mar,"N(6.2, 0.00011)",6.176198308107218
arima001011,2016 Apr,"N(6.2, 0.00011)",6.163988357291193
arima001011,2016 May,"N(6.2, 0.00011)",6.1596890429925
arima001011,2016 Jun,"N(6.2, 0.00011)",6.188981910253458
arima001011,2016 Jul,"N(6.2, 0.00011)",6.20360442412886
arima001011,2016 Aug,"N(6.2, 0.00011)",6.209629533129732
arima001011,2016 Sep,"N(6.2, 0.00011)",6.1974200175885885
arima001011,2016 Oct,"N(6.2, 0.00011)",6.163816951477371
arima001011,2016 Nov,"N(6.2, 0.00011)",6.159629071596177
arima001011,2016 Dec,"N(6.2, 0.00011)",6.182739684706233
arima001011,2017 Jan,"N(6.2, 0.00011)",6.212138787292279
arima001011,2017 Feb,"N(6.2, 0.00011)",6.1973198008387955
arima001011,2017 Mar,"N(6.2, 0.00011)",6.177588810157897
arima001011,2017 Apr,"N(6.2, 0.00011)",6.165378859341872
arima001011,2017 May,"N(6.2, 0.00011)",6.1610795450431795
arima001011,2017 Jun,"N(6.2, 0.00011)",6.190372412304137
arima001011,2017 Jul,"N(6.2, 0.00011)",6.204994926179539
arima001011,2017 Aug,"N(6.2, 0.00011)",6.211020035180411
arima001011,2017 Sep,"N(6.2, 0.00011)",6.1988105196392675
arima001011,2017 Oct,"N(6.2, 0.00011)",6.16520745352805
arima001011,2017 Nov,"N(6.2, 0.00011)",6.161019573646856
arima001011,2017 Dec,"N(6.2, 0.00011)",6.184130186756912
arima001011,2018 Jan,"N(6.2, 0.00012)",6.213529289342957
arima001011,2018 Feb,"N(6.2, 0.00012)",6.198710302889474
arima001011,2018 Mar,"N(6.2, 0.00012)",6.178979312208575
arima001011,2018 Apr,"N(6.2, 0.00012)",6.16676936139255
arima001011,2018 May,"N(6.2, 0.00012)",6.162470047093858
arima001011,2018 Jun,"N(6.2, 0.00012)",6.191762914354815
arima001011,2018 Jul,"N(6.2, 0.00012)",6.2063854282302175
arima001011,2018 Aug,"N(6.2, 0.00012)",6.212410537231089
arima001011,2018 Sep,"N(6.2, 0.00012)",6.200201021689946
arima001011,2018 Oct,"N(6.2, 0.00012)",6.1665979555787285
arima001011,2018 Nov,"N(6.2, 0.00012)",6.162410075697534
arima001011,2018 Dec,"N(6.2, 0.00012)",6.18552068880759
arima100011,2014 Jan,"N(6.2, 8.4e-05)",6.207699247490587
arima100011,2014 Feb,"N(6.2, 9.1e-05)",6.192995841761425
arima100011,2014 Mar,"N(6.2, 9.2e-05)",6.173415530609374
arima100011,2014 Apr,"N(6.2, 9.2e-05)",6.161161164998292
arima100011,2014 May,"N(6.2, 9.2e-05)",6.156786990970915
arima100011,2014 Jun,"N(6.2, 9.2e-05)",6.18599033969294
arima100011,2014 Jul,"N(6.2, 9.2e-05)",6.200772430505593
arima100011,2014 Aug,"N(6.2, 9.2e-05)",6.206785332958864
arima100011,2014 Sep,"N(6.2, 9.2e-05)",6.194717846580333
arima100011,2014 Oct,"N(6.2, 9.2e-05)",6.161171516546543
arima100011,2014 Nov,"N(6.2, 9.2e-05)",6.1567020940102255
arima100011,2014 Dec,"N(6.2, 9.2e-05)",6.179883288360281
arima100011,2015 Jan,"N(6.2, 9.8e-05)",6.209284141325934
arima100011,2015 Feb,"N(6.2, 9.8e-05)",6.194443183758417
arima100011,2015 Mar,"N(6.2, 9.8e-05)",6.174823043311267
arima100011,2015 Apr,"N(6.2, 9.8e-05)",6.162557144791815
arima100011,2015 May,"N(6.2, 9.8e-05)",6.158179631313534
arima100011,2015 Jun,"N(6.2, 9.8e-05)",6.187382013069381
arima100011,2015 Jul,"N(6.2, 9.8e-05)",6.202163823888819
arima100011,2015 Aug,"N(6.2, 9.8e-05)",6.208176645267693
arima100011,2015 Sep,"N(6.2, 9.8e-05)",6.196109135413387
arima100011,2015 Oct,"N(6.2, 9.8e-05)",6.162562798581988
arima100011,2015 Nov,"N(6.2, 9.8e-05)",6.158093374077366
arima100011,2015 Dec,"N(6.2, 9.8e-05)",6.181274567857482
arima100011,2016 Jan,"N(6.2, 1e-04)",6.210675420658106
arima100011,2016 Feb,"N(6.2, 1e-04)",6.195834463042802
arima100011,2016 Mar,"N(6.2, 1e-04)",6.176214322581816
arima100011,2016 Apr,"N(6.2, 1e-04)",6.163948424058357
arima100011,2016 May,"N(6.2, 1e-04)",6.159570910578916
arima100011,2016 Jun,"N(6.2, 1e-04)",6.188773292334426
arima100011,2016 Jul,"N(6.2, 1e-04)",6.203555103153768
arima100011,2016 Aug,"N(6.2, 1e-04)",6.209567924532614
arima100011,2016 Sep,"N(6.2, 1e-04)",6.1975004146782995
arima100011,2016 Oct,"N(6.2, 1e-04)",6.163954077846898
arima100011,2016 Nov,"N(6.2, 1e-04)",6.1594846533422745
arima100011,2016 Dec,"N(6.2, 1e-04)",6.182665847122391
arima100011,2017 Jan,"N(6.2, 0.00011)",6.212066699923015
arima100011,2017 Feb,"N(6.2, 0.00011)",6.197225742307711
arima100011,2017 Mar,"N(6.2, 0.00011)",6.177605601846725
arima100011,2017 Apr,"N(6.2, 0.00011)",6.165339703323266
arima100011,2017 May,"N(6.2, 0.00011)",6.160962189843825
arima100011,2017 Jun,"N(6.2, 0.00011)",6.190164571599335
arima100011,2017 Jul,"N(6.2, 0.00011)",6.204946382418677
arima100011,2017 Aug,"N(6.2, 0.00011)",6.210959203797523
arima100011,2017 Sep,"N(6.2, 0.00011)",6.198891693943208
arima100011,2017 Oct,"N(6.2, 0.00011)",6.165345357111807
arima100011,2017 Nov,"N(6.2, 0.00011)",6.160875932607183
arima100011,2017 Dec,"N(6.2, 0.00011)",6.1840571263873
arima100011,2018 Jan,"N(6.2, 0.00012)",6.213457979187924
arima100011,2018 Feb,"N(6.2, 0.00012)",6.19861702157262
arima100011,2018 Mar,"N(6.2, 0.00012)",6.178996881111634
arima100011,2018 Apr,"N(6.2, 0.00012)",6.166730982588175
arima100011,2018 May,"N(6.2, 0.00012)",6.162353469108734
arima100011,2018 Jun,"N(6.2, 0.00012)",6.191555850864244
arima100011,2018 Jul,"N(6.2, 0.00012)",6.206337661683586
arima100011,2018 Aug,"N(6.2, 0.00012)",6.212350483062432
arima100011,2018 Sep,"N(6.2, 0.00012)",6.200282973208117
arima100011,2018 Oct,"N(6.2, 0.00012)",6.166736636376716
arima100011,2018 Nov,"N(6.2, 0.00012)",6.162267211872092
arima100011,2018 Dec,"N(6.2, 0.00012)",6.185448405652209
arima001110,2014 Jan,"N(6.2, 9.8e-05)",6.21155796696549
arima001110,2014 Feb,"N(6.2, 1e-04)",6.191108301485288
arima001110,2014 Mar,"N(6.2, 1e-04)",6.171581745098573
arima001110,2014 Apr,"N(6.2, 1e-04)",6.161431613276527
arima001110,2014 May,"N(6.2, 1e-04)",6.161957218759647
arima001110,2014 Jun,"N(6.2, 1e-04)",6.192481621563305
arima001110,2014 Jul,"N(6.2, 1e-04)",6.201068184428205
arima001110,2014 Aug,"N(6.2, 1e-04)",6.208582998948359
arima001110,2014 Sep,"N(6.2, 1e-04)",6.1904336043100985
arima001110,2014 Oct,"N(6.2, 1e-04)",6.158463241386684
arima001110,2014 Nov,"N(6.2, 1e-04)",6.1599690155450295
arima001110,2014 Dec,"N(6.2, 1e-04)",6.177094944714618
arima001110,2015 Jan,"N(6.2, 0.00013)",6.217385123001631
arima001110,2015 Feb,"N(6.2, 0.00013)",6.191293935939941
arima001110,2015 Mar,"N(6.2, 0.00013)",6.173243796920357
arima001110,2015 Apr,"N(6.2, 0.00013)",6.164812447200935
arima001110,2015 May,"N(6.2, 0.00013)",6.163674412368954
arima001110,2015 Jun,"N(6.2, 0.00013)",6.1934954410524385
arima001110,2015 Jul,"N(6.2, 0.00013)",6.200785145910023
arima001110,2015 Aug,"N(6.2, 0.00013)",6.208256460099949
arima001110,2015 Sep,"N(6.2, 0.00013)",6.192759693083761
arima001110,2015 Oct,"N(6.2, 0.00013)",6.160323479372783
arima001110,2015 Nov,"N(6.2, 0.00013)",6.161168051702081
arima001110,2015 Dec,"N(6.2, 0.00013)",6.179510488078861
arima001110,2016 Jan,"N(6.2, 0.00019)",6.216543714846695
arima001110,2016 Feb,"N(6.2, 0.00019)",6.193255361698661
arima001110,2016 Mar,"N(6.2, 0.00019)",6.1744717055582905
arima001110,2016 Apr,"N(6.2, 0.00019)",6.165186426504764
arima001110,2016 May,"N(6.2, 0.00019)",6.164874925335367
arima001110,2016 Jun,"N(6.2, 0.00019)",6.195045405990191
arima001110,2016 Jul,"N(6.2, 0.00019)",6.2029794188685115
arima001110,2016 Aug,"N(6.2, 0.00019)",6.210472344993986
arima001110,2016 Sep,"N(6.2, 0.00019)",6.19365769333408
arima001110,2016 Oct,"N(6.2, 0.00019)",6.161452924698199
arima001110,2016 Nov,"N(6.2, 0.00019)",6.162625996862773
arima001110,2016 Dec,"N(6.2, 0.00019)",6.180364045290792
arima001110,2017 Jan,"N(6.2, 0.00023)",6.219015398310779
arima001110,2017 Feb,"N(6.2, 0.00023)",6.194334534678814
arima001110,2017 Mar,"N(6.2, 0.00023)",6.175915306225671
arima001110,2017 Apr,"N(6.2, 0.00023)",6.167054278336113
arima001110,2017 May,"N(6.2, 0.00023)",6.166332136784186
arima001110,2017 Jun,"N(6.2, 0.00023)",6.196329001895346
arima001110,2017 Jul,"N(6.2, 0.00023)",6.203942908159648
arima001110,2017 Aug,"N(6.2, 0.00023)",6.211425096992883
arima001110,2017 Sep,"N(6.2, 0.00023)",6.195265199856264
arima001110,2017 Oct,"N(6.2, 0.00023)",6.162945444138217
arima001110,2017 Nov,"N(6.2, 0.00023)",6.163955310248247
arima001110,2017 Dec,"N(6.2, 0.00023)",6.181993632106994
arima001110,2018 Jan,"N(6.2, 0.00028)",6.219841063867333
arima001110,2018 Feb,"N(6.2, 0.00028)",6.1958520305426905
arima001110,2018 Mar,"N(6.2, 0.00028)",6.177251746275778
arima001110,2018 Apr,"N(6.2, 0.00028)",6.168179940933168
arima001110,2018 May,"N(6.2, 0.00028)",6.167661814694105
arima001110,2018 Jun,"N(6.2, 0.00028)",6.1977449358847085
arima001110,2018 Jul,"N(6.2, 0.00028)",6.205517878263789
arima001110,2018 Aug,"N(6.2, 0.00028)",6.2130054016236045
arima001110,2018 Sep,"N(6.2, 0.00028)",6.196520207817199
arima001110,2018 Oct,"N(6.2, 0.00028)",6.164257580249576
arima001110,2018 Nov,"N(6.2, 0.00028)",6.16534853077238
arima001110,2018 Dec,"N(6.2, 0.00028)",6.183237670084742
arima003110,2014 Jan,"N(6.2, 9.6e-05)",6.212178908311338
arima003110,2014 Feb,"N(6.2, 1e-04)",6.190291846124789
arima003110,2014 Mar,"N(6.2, 1e-04)",6.170509358611803
arima003110,2014 Apr,"N(6.2, 1e-04)",6.1614323211620325
arima003110,2014 May,"N(6.2, 1e-04)",6.16194092804641
arima003110,2014 Jun,"N(6.2, 1e-04)",6.192458143975402
arima003110,2014 Jul,"N(6.2, 1e-04)",6.2010314559177955
arima003110,2014 Aug,"N(6.2, 1e-04)",6.208545825964074
arima003110,2014 Sep,"N(6.2, 1e-04)",6.190423535112703
arima003110,2014 Oct,"N(6.2, 1e-04)",6.15844841225979
arima003110,2014 Nov,"N(6.2, 1e-04)",6.159947430447822
arima003110,2014 Dec,"N(6.2, 1e-04)",6.177085789538527
arima003110,2015 Jan,"N(6.2, 0.00013)",6.217656699101569
arima003110,2015 Feb,"N(6.2, 0.00013)",6.190867259465372
arima003110,2015 Mar,"N(6.2, 0.00013)",6.1726802012771795
arima003110,2015 Apr,"N(6.2, 0.00013)",6.164782789887366
arima003110,2015 May,"N(6.2, 0.00013)",6.163644604152077
arima003110,2015 Jun,"N(6.2, 0.00013)",6.193465569034823
arima003110,2015 Jul,"N(6.2, 0.00013)",6.200755156258708
arima003110,2015 Aug,"N(6.2, 0.00013)",6.208226466502863
arima003110,2015 Sep,"N(6.2, 0.00013)",6.192729940097749
arima003110,2015 Oct,"N(6.2, 0.00013)",6.1602936841309885
arima003110,2015 Nov,"N(6.2, 0.00013)",6.161138196484855
arima003110,2015 Dec,"N(6.2, 0.00013)",6.179480743206979
arima003110,2016 Jan,"N(6.2, 0.00019)",6.216979400729378
arima003110,2016 Feb,"N(6.2, 0.00019)",6.192613207590781
arima003110,2016 Mar,"N(6.2, 0.00019)",6.173637528256383
arima003110,2016 Apr,"N(6.2, 0.00019)",6.165157027386489
arima003110,2016 May,"N(6.2, 0.00019)",6.164832851687936
arima003110,2016 Jun,"N(6.2, 0.00019)",6.1949979736509135
arima003110,2016 Jul,"N(6.2, 0.00019)",6.20292210634992
arima003110,2016 Aug,"N(6.2, 0.00019)",6.210414701065895
arima003110,2016 Sep,"N(6.2, 0.00019)",6.193620258585721
arima003110,2016 Oct,"N(6.2, 0.00019)",6.161411940841697
arima003110,2016 Nov,"N(6.2, 0.00019)",6.162579975606188
arima003110,2016 Dec,"N(6.2, 0.00019)",6.180327292056824
arima003110,2017 Jan,"N(6.2, 0.00023)",6.219344564592795
arima003110,2017 Feb,"N(6.2, 0.00023)",6.193780560055862
arima003110,2017 Mar,"N(6.2, 0.00023)",6.175194696367058
arima003110,2017 Apr,"N(6.2, 0.00023)",6.167002416784673
arima003110,2017 May,"N(6.2, 0.00023)",6.166275875705079
arima003110,2017 Jun,"N(6.2, 0.00023)",6.196270880730334
arima003110,2017 Jul,"N(6.2, 0.00023)",6.203881357429584
arima003110,2017 Aug,"N(6.2, 0.00023)",6.211363431225388
arima003110,2017 Sep,"N(6.2, 0.00023)",6.195210549011712
arima003110,2017 Oct,"N(6.2, 0.00023)",6.1628895613426184
arima003110,2017 Nov,"N(6.2, 0.00023)",6.1638976788921465
arima003110,2017 Dec,"N(6.2, 0.00023)",6.1819392178267645
arima003110,2018 Jan,"N(6.2, 0.00028)",6.2202058385513155
arima003110,2018 Feb,"N(6.2, 0.00028)",6.195233912512134
arima003110,2018 Mar,"N(6.2, 0.00028)",6.176455362844416
arima003110,2018 Apr,"N(6.2, 0.00028)",6.16812061540176
arima003110,2018 May,"N(6.2, 0.00028)",6.167592963638702
arima003110,2018 Jun,"N(6.2, 0.00028)",6.197672057512226
arima003110,2018 Jul,"N(6.2, 0.00028)",6.205437574456881
arima003110,2018 Aug,"N(6.2, 0.00028)",6.2129248487463675
arima003110,2018 Sep,"N(6.2, 0.00028)",6.196454843119662
arima003110,2018 Oct,"N(6.2, 0.00028)",6.164189548224965
arima003110,2018 Nov,"N(6.2, 0.00028)",6.165276712897046
arima003110,2018 Dec,"N(6.2, 0.00028)",6.183172817578356
